Date,Open,High,Low,Close,Volume
4-Aug-14,234.38,240.5,233.27,238.52,5967406
5-Aug-14,237.47,242.99,235.69,238.49,5388581
6-Aug-14,238.9,251.42,238.58,248.93,9249265
7-Aug-14,250.12,256.69,249.12,252.39,7478926
8-Aug-14,251.16,251.76,246.5,248.13,5099061
11-Aug-14,255.48,263.74,255,259.32,8101276
12-Aug-14,258.08,260.3,254.58,259.96,6390412
13-Aug-14,262.01,265.64,259.61,260.31,6932628
14-Aug-14,262.49,263,258.54,261.38,4126634
15-Aug-14,261.48,262.09,258.5,262.01,3867874
18-Aug-14,263.25,267.26,259.75,259.94,5849231
19-Aug-14,258.87,259.33,251.62,256.76,5340136
20-Aug-14,254.67,258.74,253,255.71,3027863
21-Aug-14,256.52,258.8,253.26,254.34,2919241
22-Aug-14,254.54,256.95,252.61,256.78,2836959
25-Aug-14,258.19,263.68,258.19,262.55,4318053
26-Aug-14,264.98,265.5,261.66,261.74,3822572
27-Aug-14,263.5,264.24,260.29,263.25,2990532
28-Aug-14,261.89,264.48,261.64,263.86,2854737
29-Aug-14,268.7,272,267.51,269.7,6453958
2-Sep-14,275.5,284.89,274.3,284.12,9852351
3-Sep-14,287.67,288,280.1,281.19,6779735
4-Sep-14,284.01,291.42,280.4,286.04,8341749
5-Sep-14,282.55,282.9,272.51,277.39,11176167
8-Sep-14,277.62,284.88,277.52,282.11,5505040
9-Sep-14,282.99,285.49,277,278.48,4567958
10-Sep-14,279.5,281.41,273.66,281.1,3785988
11-Sep-14,280.46,284.79,278.63,280.31,3768584
12-Sep-14,280.5,282.39,277,279.2,3328302
15-Sep-14,274.37,274.4,249.13,253.86,16464952
16-Sep-14,255.15,262.46,252.42,260.74,8303972
17-Sep-14,262.41,264.7,259.5,261.38,5179923
18-Sep-14,263.36,265.6,262.32,263.82,3699314
19-Sep-14,257.99,261.43,255.27,259.32,6811714
22-Sep-14,255,256.02,244.71,250.03,8222963
23-Sep-14,245.22,253.8,245,250.41,5660048
24-Sep-14,251.12,252.84,247.04,252.14,3754376
25-Sep-14,252.52,254.96,246.1,246.95,4843712
26-Sep-14,248.25,249.73,246.07,246.6,3798841
29-Sep-14,244,248.64,241.38,245.26,4854687
30-Sep-14,246.92,247.65,240.12,242.68,4248127
1-Oct-14,242.2,242.66,235.65,240.24,5946510
2-Oct-14,250.2,252.79,245.36,251.42,9002001
3-Oct-14,253.06,256.5,251.03,255.21,5408665
6-Oct-14,259.13,262.49,257.8,260.62,7719055
7-Oct-14,258.53,261.46,255.73,259.57,4491569
8-Oct-14,260.1,262.88,252.64,259.28,5062615
9-Oct-14,262.25,265.54,254.4,257.01,7361316
10-Oct-14,244.64,245.89,235.2,236.91,12898275
13-Oct-14,238.57,238.96,221,224.59,11276552
14-Oct-14,228.25,232.47,223,227.06,7112339
15-Oct-14,220,230.99,217.32,229.7,9151648
16-Oct-14,219.72,229.92,219.1,226.35,5404565
17-Oct-14,233.38,234.77,226.55,227.48,10551850
20-Oct-14,226.72,232.4,225.51,230.47,3499686
21-Oct-14,234.27,235.39,230.8,235.34,4130345
22-Oct-14,233.19,237.39,230.56,231.1,4123397
23-Oct-14,234.66,236.28,232,235.29,3499882
24-Oct-14,236.27,237.8,231.2,235.24,3466927
27-Oct-14,234.25,234.61,220.31,221.67,9553348
28-Oct-14,229.6,244.6,228.25,242.77,10516297
29-Oct-14,241.13,241.5,235.64,238.1,4967640
30-Oct-14,238.14,240.5,235.06,238.66,3228371
31-Oct-14,242.51,243.12,238.75,241.7,3775327
3-Nov-14,243,247.56,241.32,242.59,4207268
4-Nov-14,240.49,242.35,236.53,238.93,3682572
5-Nov-14,241,241.36,230.53,230.97,9045925
6-Nov-14,234.49,246.69,228.5,241.22,15354717
7-Nov-14,242.19,242.84,237.2,240.2,5161023
10-Nov-14,239.11,242.88,236.8,241.93,4577208
11-Nov-14,242.55,251.82,242,251.08,7952565
12-Nov-14,249.72,252.34,245.58,249.1,5870818
13-Nov-14,250.62,255.75,250.25,251.7,6236036
14-Nov-14,250,258.85,248.5,258.68,6101145
17-Nov-14,257.49,259,252.02,253.98,4025695
18-Nov-14,255.86,259.99,255.51,257.7,4474294
19-Nov-14,250.61,251.88,245.6,247.74,7918486
20-Nov-14,247.95,250.93,246,248.71,3587220
21-Nov-14,252.21,252.78,242.17,242.78,7485059
24-Nov-14,245.2,247.6,240.64,246.72,4789708
25-Nov-14,247.35,249.72,246.09,248.09,3159804
26-Nov-14,248.34,249,246.6,248.44,1981819
28-Nov-14,245.35,246.69,242.52,244.52,2119688
1-Dec-14,241.16,242.47,229.01,231.64,8619351
2-Dec-14,234.57,234.88,228,231.43,5887046
3-Dec-14,226.25,229.72,225.5,229.3,5307733
4-Dec-14,228.6,230.9,227.81,228.28,3879208
5-Dec-14,228.67,229.39,222.26,223.71,6063619
8-Dec-14,221.54,224.86,212.34,214.36,9225619
9-Dec-14,209.34,217.73,204.27,216.89,9431502
10-Dec-14,214.13,216.77,207.7,209.84,7314139
11-Dec-14,210.53,215.43,208.23,208.88,6694398
12-Dec-14,204.82,211.68,204.5,207,7173782
15-Dec-14,209.29,209.8,202.67,204.04,5218252
16-Dec-14,200.89,203.68,195.37,197.81,8426105
17-Dec-14,193.06,206.65,192.65,205.82,7367834
18-Dec-14,212.38,218.44,211.8,218.26,7483349
19-Dec-14,220.19,220.4,214.5,219.29,6910461
22-Dec-14,220,224.06,218.26,222.6,4806917
23-Dec-14,223.81,224.32,219.52,220.97,4513321
24-Dec-14,219.77,222.5,219.25,222.26,1333518
26-Dec-14,221.51,228.5,221.5,227.82,3327016
29-Dec-14,226.9,227.91,224.02,225.71,2811828
30-Dec-14,223.99,225.65,221.4,222.23,2903242
31-Dec-14,223.09,225.68,222.25,222.41,2402097
2-Jan-15,222.87,223.25,213.26,219.31,4764443
5-Jan-15,214.55,216.5,207.16,210.09,5368477
6-Jan-15,210.06,214.2,204.21,211.28,6261936
7-Jan-15,213.35,214.78,209.78,210.95,2968390
8-Jan-15,212.81,213.8,210.01,210.62,3442509
9-Jan-15,208.92,209.98,204.96,206.66,4668295
12-Jan-15,203.05,204.47,199.25,202.21,5950280
13-Jan-15,203.32,207.61,200.91,204.25,4477320
14-Jan-15,185.83,195.2,185,192.69,11551855
15-Jan-15,194.49,195.75,190,191.87,5216524
16-Jan-15,190.7,194.49,189.65,193.07,3603158
20-Jan-15,193.87,194.12,187.04,191.93,4503182
21-Jan-15,189.55,198.68,189.51,196.57,4153043
22-Jan-15,197,203.24,195.2,201.62,4116905
23-Jan-15,200.29,203.5,198.33,201.29,3442371
26-Jan-15,201.83,208.62,201.05,206.55,3234522
27-Jan-15,204.42,208.03,203.3,205.98,2781024
28-Jan-15,206.11,206.37,198.42,199.37,3149606
29-Jan-15,201.07,205.98,196.5,205.2,3548106
30-Jan-15,203.96,207.47,203,203.6,3006959
2-Feb-15,203.97,211.95,203.3,210.94,4149186
3-Feb-15,213.22,220.37,211.27,218.36,4826244
4-Feb-15,218.29,221.48,216.8,218.55,3305377
5-Feb-15,219.88,225.48,219.64,220.99,3522947
6-Feb-15,222,223.4,216.5,217.36,3243931
9-Feb-15,215.38,217.93,211.99,217.48,3472423
10-Feb-15,217.55,220.5,215,216.29,5390542
11-Feb-15,212.21,214.74,207.28,212.8,9769102
12-Feb-15,193.57,203.09,193.28,202.88,15649607
13-Feb-15,202.9,205.99,200.91,203.77,6191003
17-Feb-15,205.7,205.7,201.5,204.35,3979647
18-Feb-15,204.17,206.17,202.6,204.46,2713598
19-Feb-15,205,212.44,203.75,211.7,5154148
20-Feb-15,210.78,217.6,209.81,217.11,5982089
23-Feb-15,215.66,218.2,206.33,207.34,8499775
24-Feb-15,207.29,207.29,201.7,204.11,6603560
25-Feb-15,204.94,207.14,202.58,203.76,3909520
26-Feb-15,204,211.09,202.22,207.19,6472855
27-Feb-15,206.9,208.55,202.8,203.34,3882084
2-Mar-15,202.7,203.34,195.82,197.32,7922065
3-Mar-15,196.81,200.24,195.32,199.56,4432329
4-Mar-15,199.25,202.52,197.21,202.44,4221962
5-Mar-15,202.85,206.19,200.15,200.63,4877015
6-Mar-15,199.21,200.75,192.15,193.88,6712438
9-Mar-15,194.39,194.49,188.25,190.88,6736724
10-Mar-15,188.46,193.5,187.6,190.32,5579691
11-Mar-15,191.15,196.18,191.01,193.74,4974871
12-Mar-15,193.75,194.45,189.75,191.07,4149294
13-Mar-15,188.95,191.75,187.32,188.68,5434298
16-Mar-15,192,195.91,189.8,195.7,5628783
17-Mar-15,195.43,198.71,193.94,194.73,4894052
18-Mar-15,194.96,200.88,193.11,200.71,4820936
19-Mar-15,202,204.59,194.53,195.65,8475244
20-Mar-15,197.45,198.99,195.62,198.08,4269467
23-Mar-15,198.5,200.5,197.47,199.63,2631626
24-Mar-15,201.58,203.79,199.75,201.72,3649860
25-Mar-15,198.27,198.59,192.7,194.3,5730389
26-Mar-15,193.92,194.79,189.7,190.4,4127956
27-Mar-15,189.07,189.29,181.4,185,8604947
30-Mar-15,185.85,192.25,181.8,190.57,10089516
31-Mar-15,193.53,193.76,188.41,188.77,5026569
1-Apr-15,188.7,192.3,186.05,187.59,3794621
2-Apr-15,190.23,193.23,190,191,5010368
6-Apr-15,198,207.75,197.5,203.1,12455811
7-Apr-15,202.51,205.06,201.14,203.25,4347864
8-Apr-15,208.2,210.9,205.87,207.67,6303117
9-Apr-15,208.43,210.37,206.12,210.09,3800225
10-Apr-15,209.85,211.65,209,210.9,4067676
13-Apr-15,210.44,213,209.05,209.78,3758230
14-Apr-15,208.57,209.49,205.5,207.46,3025963
15-Apr-15,207.46,209.59,206.6,207.83,1952378
16-Apr-15,207.7,209.17,206.29,206.7,1659059
17-Apr-15,204.99,206.88,203.5,206.79,2469926
20-Apr-15,206.78,207.85,203.85,205.27,2559251
21-Apr-15,205.8,210.75,204.31,209.41,3432541
22-Apr-15,212.5,221.88,211.69,219.44,7863037
23-Apr-15,218.27,221.48,217.15,218.6,4411184
24-Apr-15,220.5,220.8,218.01,218.42,2427843
27-Apr-15,222.56,238.75,222,231.55,11672627
28-Apr-15,234.75,235.5,228.03,230.48,6085379
29-Apr-15,230.05,234.97,227.63,232.45,3936077
30-Apr-15,230.39,232.89,225.17,226.05,3911857
1-May-15,229.94,231.77,220.4,226.03,5281689
4-May-15,228.18,234.73,227.11,230.51,4434596
5-May-15,237.76,239.5,229.13,232.95,5796873
6-May-15,234.1,234.47,228.2,230.43,5270933
7-May-15,221,237.48,220.25,236.8,9455909
8-May-15,235.99,238.41,233.7,236.61,4668236
11-May-15,236.29,242.88,235.31,239.49,5672262
12-May-15,240.11,246.35,238.19,244.74,6363429
13-May-15,247.61,248.3,242.25,243.18,5440165
14-May-15,244.82,244.89,241.25,244.1,2895936
15-May-15,243.93,249.4,242.5,248.84,4527563
18-May-15,247,249.9,246,248.75,3353212
19-May-15,248.43,251,246.15,247.14,3674231
20-May-15,247.13,247.74,241.37,244.35,3755569
21-May-15,243.03,246.62,242.36,245.62,1970643
22-May-15,245.38,248.6,245.01,247.73,2223089
26-May-15,247.68,252,246.5,247.46,3498682
27-May-15,248.51,249.5,245.55,247.43,3408200
28-May-15,247.03,251.8,245.05,251.45,3647283
29-May-15,251,252.87,249.43,250.8,3789283
1-Jun-15,251.41,251.6,247.47,249.45,2505057
2-Jun-15,248.92,249.4,246.3,248.35,2134809
3-Jun-15,248.2,250.72,247.01,248.99,1781505
4-Jun-15,247.5,249.3,245.71,245.92,2453615
5-Jun-15,246,249.7,245.68,249.14,3022026
8-Jun-15,250.85,258.75,250.31,256.29,5016997
9-Jun-15,255.4,257.74,254.14,256,2611146
10-Jun-15,251.9,254,248.5,250.7,3454453
11-Jun-15,253.26,254.37,250.43,251.41,2044058
12-Jun-15,250.21,253.46,250.21,250.69,1422335
15-Jun-15,249.7,251.28,246.01,250.38,2186175
16-Jun-15,250.13,253.44,249.1,253.12,1984678
17-Jun-15,252.17,264.36,252.02,260.41,5512920
18-Jun-15,262,263.46,260.02,261.89,2782703
19-Jun-15,262.4,263.8,260.1,262.51,2463013
22-Jun-15,262.15,264.4,255.69,259.79,4561079
23-Jun-15,260.32,268,258.57,267.67,3870818
24-Jun-15,266.98,267.35,263.72,265.17,2412293
25-Jun-15,266.45,271.41,265.25,268.79,2849204
26-Jun-15,268.89,269.11,266,267.09,3838434
29-Jun-15,261.95,265.95,260.7,262.02,3478909
30-Jun-15,264.8,270.92,264,268.26,3086935
1-Jul-15,271.11,272.62,267.85,269.15,2101224
2-Jul-15,280.2,282.45,273.31,280.02,7163930
6-Jul-15,278.88,281.69,276.3,279.72,4121933
7-Jul-15,275,275.2,260.77,267.88,6105126
8-Jul-15,259.32,260.8,254.31,254.96,6221077
9-Jul-15,259.08,262.95,256.79,257.92,3334077
10-Jul-15,262.22,263,257.82,259.15,2610858
13-Jul-15,262.25,262.55,256.05,262.16,2960319
14-Jul-15,262.1,265.99,260.51,265.65,1907641
15-Jul-15,266.74,267.49,262.08,263.14,2021621
16-Jul-15,264.22,267.2,263.16,266.68,1615961
17-Jul-15,272.5,275.54,268.25,274.66,5004099
20-Jul-15,275,286.65,272.54,282.26,4978454
21-Jul-15,270.05,273.5,266.55,266.77,6108686
22-Jul-15,261.27,269.44,260.86,267.87,3104960
23-Jul-15,269.65,269.9,265.27,267.2,2227239
24-Jul-15,267.38,271.09,263.92,265.41,2836498
27-Jul-15,262.43,264.43,250.79,253.01,4694192
28-Jul-15,255.75,265.4,251.84,264.82,3895808
29-Jul-15,264.27,267.89,262,263.82,2790095
30-Jul-15,262.69,266.94,262.11,266.79,2034560
31-Jul-15,267.6,269.36,265.12,266.15,2222552
3-Aug-15,266.29,266.71,257.07,259.99,2553474
4-Aug-15,260.01,266.72,258.34,266.28,2352530
5-Aug-15,263.58,271,260.4,270.13,6214319
6-Aug-15,249.54,255,236.12,246.13,14623754
7-Aug-15,243.58,243.73,238.39,242.51,5073390
10-Aug-15,238.15,242.97,236.05,241.14,4185860
11-Aug-15,237.15,239.3,234.44,237.37,4264939
12-Aug-15,235,239.77,232.74,238.17,3739157
13-Aug-15,239.86,246.48,239.12,242.51,4689182
14-Aug-15,247.24,247.93,241.77,243.15,4364810
17-Aug-15,255.56,256.59,250.51,254.99,7176690
18-Aug-15,255.38,260.95,253.56,260.72,4195035
19-Aug-15,260.33,260.65,255.02,255.25,3604282
20-Aug-15,252.06,254.56,241.9,242.18,4887192
21-Aug-15,236,243.8,230.51,230.77,6564012
24-Aug-15,202.79,231.4,195,218.87,9565541
25-Aug-15,230.52,230.9,219.12,220.03,4304953
26-Aug-15,227.93,228,215.51,224.84,4948119
27-Aug-15,231,244.75,230.81,242.99,7642840
28-Aug-15,241.86,251.45,241.57,248.48,5495169
31-Aug-15,245.62,254.95,245.51,249.06,4680798
1-Sep-15,240.34,246,236.97,238.63,5437046
2-Sep-15,245.3,247.88,239.78,247.69,4584918
3-Sep-15,252.06,252.08,245,245.57,4131503
4-Sep-15,240.89,244.09,238.2,241.93,3682146
8-Sep-15,245.05,249.16,244.05,248.17,3120348
9-Sep-15,252.05,254.25,248.3,248.91,3384661
10-Sep-15,247.23,250.72,245.33,248.48,2705437
11-Sep-15,247.64,250.24,244.73,250.24,2342654
14-Sep-15,251.1,254.25,249.67,253.19,2883100
15-Sep-15,252.75,254.6,249.5,253.57,2929278
16-Sep-15,253.04,262.88,252.88,262.25,4404454
17-Sep-15,263.96,265.5,260.69,262.07,3574923
18-Sep-15,257.96,263.82,257.5,260.62,3739826
21-Sep-15,263.98,271.57,255.8,264.2,6110390
22-Sep-15,259.03,262.65,255.87,260.94,3657582
23-Sep-15,261.95,262.08,257.58,261.06,2594257
24-Sep-15,259.53,263.45,256.21,263.12,3442247
25-Sep-15,266.61,266.91,256.15,256.91,3767096
28-Sep-15,257.35,259.79,246.61,248.43,4892501
29-Sep-15,250.46,254.73,245.46,246.65,3693383
30-Sep-15,252,252.4,242.34,248.4,4923331
1-Oct-15,247.51,248.5,237.13,239.88,4566941
2-Oct-15,235.6,247.7,234.93,247.57,4390140
5-Oct-15,248.84,249.84,244.13,246.15,3678195
6-Oct-15,240,243.03,235.58,241.46,5225174
7-Oct-15,236.63,237.7,229.12,231.96,6803172
8-Oct-15,230.08,230.72,221.31,226.72,6119688
9-Oct-15,220.93,224.37,218.36,220.69,6150458
12-Oct-15,222.99,223,215.27,215.58,3803779
13-Oct-15,213.28,222.52,211.13,219.25,5162453
14-Oct-15,220.67,220.95,215.43,216.88,3086784
15-Oct-15,216.43,221.73,213.7,221.31,2833931
16-Oct-15,223.04,230.48,222.87,227.01,4320797
19-Oct-15,226.5,231.15,224.94,228.1,2499326
20-Oct-15,227.72,228.6,202,213.03,14863266
21-Oct-15,211.99,214.81,208.8,210.09,4151463
22-Oct-15,211.56,215.75,209.4,211.72,2809155
23-Oct-15,215,215.35,207.69,209.09,4142080
26-Oct-15,211.38,215.88,210,215.26,3387107
27-Oct-15,214.84,217.1,207.51,210.35,3500711
28-Oct-15,211.31,213.45,208.3,212.96,2672551
29-Oct-15,211.75,213.75,210.64,211.63,1782358
30-Oct-15,210.4,211.63,203.89,206.93,4372936
2-Nov-15,208.92,215.8,207.22,213.79,3919308
3-Nov-15,210,214.44,207.75,208.35,7141113
4-Nov-15,230.68,232.74,225.2,231.63,12706650
5-Nov-15,230.58,234.58,229.19,231.77,4493263
6-Nov-15,230.7,233.36,229.5,232.36,2443465
9-Nov-15,232.99,232.99,224.31,225.33,3843824
10-Nov-15,223.48,223.7,216.08,216.5,4568414
11-Nov-15,217.77,219.48,213.63,219.08,3334955
12-Nov-15,217.85,219,212.66,212.94,2910023
13-Nov-15,212.95,212.99,206.52,207.19,3412083
16-Nov-15,206.09,214.98,205.8,214.31,2917082
17-Nov-15,215.2,216,211.4,214,2143269
18-Nov-15,214.5,221.38,212.52,221.07,2805192
19-Nov-15,220.54,226.19,220.3,221.8,2499363
20-Nov-15,223.49,225,213.58,220.01,4388932
23-Nov-15,217.35,219.18,214.68,217.75,2524994
24-Nov-15,215.37,221,215,218.25,2452304
25-Nov-15,221.34,230.82,220.38,229.64,3990779
27-Nov-15,231.06,232.25,227.01,231.61,1949127
30-Nov-15,231.79,234.28,229.08,230.26,2585753
1-Dec-15,231.06,238,231.05,237.19,3728287
2-Dec-15,237,238.6,231.23,231.99,2975721
3-Dec-15,235.48,237.45,230,232.71,2939564
4-Dec-15,232.46,233.27,227.66,230.38,2573603
7-Dec-15,227.7,235.63,226.15,231.13,3144223
8-Dec-15,227.52,228.8,224.2,226.72,2687636
9-Dec-15,226.7,227.5,220.72,224.52,3057753
10-Dec-15,224.71,228.49,223.64,227.07,2071692
11-Dec-15,225.24,225.75,216.64,217.02,3268726
14-Dec-15,217.51,220.92,214.87,218.58,2827068
15-Dec-15,221.82,222.22,218,221.09,2244424
16-Dec-15,222.1,234.88,220.73,234.51,5104341
17-Dec-15,233.94,237.76,229.81,233.39,3298638
18-Dec-15,232.89,235.9,229.29,230.46,3014170
21-Dec-15,231.69,235.83,231.08,232.56,1953174
22-Dec-15,234.99,236.55,229.63,229.95,1961495
23-Dec-15,232.18,233.45,228.13,229.7,1554979
24-Dec-15,230.56,231.88,228.28,230.57,710277
28-Dec-15,231.49,231.98,225.54,228.95,1901304
29-Dec-15,230.06,237.72,229.55,237.19,2406290
30-Dec-15,236.6,243.63,235.67,238.09,3697921
31-Dec-15,238.51,243.45,238.37,240.01,2715038
4-Jan-16,230.72,231.38,219,223.41,6819737
5-Jan-16,226.36,226.89,220,223.43,3186752
6-Jan-16,220,220.05,215.98,219.04,3779128
7-Jan-16,214.19,218.44,213.67,215.65,3554251
8-Jan-16,217.86,220.44,210.77,211,3628058
11-Jan-16,214.01,214.45,203,207.85,4091422
12-Jan-16,211.6,213.74,205.31,209.97,3091917
13-Jan-16,212.01,212.65,200,200.31,4039093
14-Jan-16,202.21,210,193.38,206.18,6452623
15-Jan-16,198.97,205.07,197.25,204.99,5322235
19-Jan-16,208.71,210.47,200.78,204.72,3997509
20-Jan-16,199.4,201.28,191.25,198.7,5825431
21-Jan-16,201.55,203.23,195.02,199.97,3163432
22-Jan-16,204.8,205.5,199.03,202.55,3120106
25-Jan-16,200.06,203.57,195.88,196.38,2694564
26-Jan-16,196.7,197.82,188.88,193.56,4946841
27-Jan-16,192.38,193.26,185.77,188.07,3565378
28-Jan-16,190.79,191.28,182.41,189.7,4581652
29-Jan-16,189.95,193.74,188.08,191.2,2841003
1-Feb-16,188.76,199.52,182.75,196.94,5293766
2-Feb-16,192.42,193.12,180.23,182.78,5762855
3-Feb-16,183.59,183.94,170.18,173.48,7879454
4-Feb-16,170.7,175.98,166.99,175.33,4363924
5-Feb-16,171.3,173,157.74,162.6,9426933
8-Feb-16,157.1,157.15,146,147.99,9297941
9-Feb-16,142.32,159.79,141.05,148.25,8575099
10-Feb-16,150.5,154.97,141.74,143.67,9067292
11-Feb-16,152,163.26,147,150.47,14231392
12-Feb-16,155,157.01,143.7,151.04,7202970
16-Feb-16,158.7,162.95,154.11,155.17,5556314
17-Feb-16,159,169.34,156.68,168.68,5807071
18-Feb-16,172.42,172.95,164.77,166.77,3785336
19-Feb-16,163.66,167.49,162.5,166.58,2952880
22-Feb-16,170.12,178.91,169.85,177.74,5051180
23-Feb-16,176.16,181.73,173.68,177.21,5968028
24-Feb-16,172.75,179.5,167.84,179,5380712
25-Feb-16,178.65,188.52,175.2,187.43,5720514
26-Feb-16,188.7,192,185,190.34,6052910
29-Feb-16,192.4,196.35,189.22,191.93,4479719
1-Mar-16,194.25,195.95,182.7,186.35,6701674
2-Mar-16,183.73,188.52,181.5,188.34,4832986
3-Mar-16,188.28,197.42,184.22,195.74,4820497
4-Mar-16,198,204.03,197.5,201.04,6469772
7-Mar-16,197.68,209.7,197.4,205.29,5329369
8-Mar-16,203.5,207.5,202.2,202.6,4130816
9-Mar-16,204.52,209.37,202.79,208.72,3160081
10-Mar-16,210,213.29,200.67,205.18,5183177
11-Mar-16,207.93,209.42,205.33,207.5,3300358
14-Mar-16,212.65,216.72,210.64,215.15,4054723
15-Mar-16,214.27,218.97,211.5,218.34,3180452
16-Mar-16,218,222.58,217.02,221.93,3462107
17-Mar-16,221.47,228.5,220,226.38,3754756
18-Mar-16,229.1,234.48,228.06,232.74,4698180
21-Mar-16,235.34,239.88,235,238.32,5286697
22-Mar-16,237.21,238.99,232.56,234.24,4300628
23-Mar-16,232.37,234.73,222.03,222.58,4921013
24-Mar-16,215.78,228.89,215,227.75,4954411
28-Mar-16,231.61,234.81,225,230.26,3875451
29-Mar-16,229.89,232.38,225.33,230.13,4004940
30-Mar-16,235.09,235.5,226.5,226.89,4019667
31-Mar-16,229.34,237.42,225.01,229.77,7956740
1-Apr-16,244.82,247.9,233.25,237.59,15962015
4-Apr-16,249.12,252.12,243.64,246.99,13289584
5-Apr-16,240.5,256.56,240,255.47,9915160
6-Apr-16,253.97,267.74,253.45,265.42,11679883
7-Apr-16,266.45,269.34,254.51,257.2,8836815
8-Apr-16,260.5,260.82,248.02,250.07,7332157
11-Apr-16,251,258.99,245.3,249.92,9153901
12-Apr-16,249.5,251.8,243.63,247.82,5750757
13-Apr-16,248.51,255.5,247.33,254.53,4917930
14-Apr-16,253,256.84,251.05,251.86,4119980
15-Apr-16,251.31,254.6,249.12,254.51,3742018
18-Apr-16,252.23,258.31,251.66,253.88,4261782
19-Apr-16,253.12,254.37,241.25,247.37,6349403
20-Apr-16,246.26,253.66,241.5,249.97,5190831
21-Apr-16,248.99,250.9,246.91,248.29,2783059
22-Apr-16,248.89,254,245.71,253.75,3774648
25-Apr-16,253.01,257.38,250.76,251.82,3664293
26-Apr-16,252.05,255.73,249.39,253.74,3212470
27-Apr-16,252.75,255,249.4,251.47,3190682
28-Apr-16,249.85,253.43,247.44,247.71,2509509
29-Apr-16,248.14,248.43,237.81,240.76,5388701
2-May-16,241.5,243.19,234.82,241.8,3836429
3-May-16,237.36,238.91,231.62,232.32,4289174
4-May-16,230.29,234.46,220.4,222.56,8262540
5-May-16,228.46,228.64,209.79,211.53,11235835
6-May-16,210.87,216.37,208.11,214.93,5681078
9-May-16,215.72,216.15,206.8,208.92,4758131
10-May-16,207.55,209.47,205,208.69,4065214
11-May-16,207.59,215.48,206.05,208.96,5153730
12-May-16,211.44,211.67,203.66,207.28,3646943
13-May-16,207.78,211.2,206.7,207.61,2819264
16-May-16,208.15,213.15,207.92,208.29,2945072
17-May-16,209.05,209.82,204.02,204.66,2841168
18-May-16,209.15,215.31,207.75,211.17,5384698
19-May-16,213.62,216.79,207.3,215.21,6811976
20-May-16,216.99,220.55,216.35,220.28,8951773
23-May-16,219.87,222.6,215.86,216.22,5093158
24-May-16,216.6,218.74,215.18,217.91,3008774
25-May-16,217.91,221.36,216.51,219.58,3126822
26-May-16,220.5,225.26,219.05,225.12,4064013
27-May-16,224.99,225.93,220.75,223.04,3642740
31-May-16,223.04,224.75,221.5,223.23,2789002
1-Jun-16,221.48,222.4,216.89,219.56,2982695
2-Jun-16,219.59,219.91,217.11,218.96,2032832
3-Jun-16,220,221.94,218.01,218.99,2228970
6-Jun-16,218,220.9,215.45,220.68,2249508
7-Jun-16,222.24,234.44,221.52,232.34,6213573
8-Jun-16,233.8,240.84,232.6,235.52,5971995
9-Jun-16,234.98,235.33,227.06,229.36,4492075
10-Jun-16,227.39,227.97,218.42,218.79,6026603
13-Jun-16,219.5,225.77,217.66,217.87,4193022
14-Jun-16,218.88,222.2,212.53,214.96,3580167
15-Jun-16,216.95,221.9,215.13,217.7,2908522
16-Jun-16,217.42,218.04,213.5,217.93,2440259
17-Jun-16,217.81,219.99,214.5,215.47,3112620
20-Jun-16,219.5,223.75,218.23,219.7,3555471
21-Jun-16,220.68,222.57,218.81,219.61,4529005
22-Jun-16,199.47,205.95,195.75,196.66,23742414
23-Jun-16,195.69,197.55,192.13,196.4,10130748
24-Jun-16,190.05,195.12,189.73,193.15,7026516
27-Jun-16,190.86,198.81,187.87,198.55,7220323
28-Jun-16,201.89,204.05,199.41,201.79,6212422
29-Jun-16,205.13,211.78,203,210.19,5994908
30-Jun-16,212.97,213.5,209.02,212.28,4843111
1-Jul-16,206.14,218.24,206,216.5,5399951
5-Jul-16,209.73,214.54,208,213.98,5175345
6-Jul-16,210,215.23,209,214.44,4919855
7-Jul-16,213.1,218.12,213.01,215.94,3612022
8-Jul-16,217.8,219.81,214.5,216.78,4074785
11-Jul-16,219.96,226.78,219.51,224.78,5429823
12-Jul-16,224.1,227.5,223.22,224.65,4576165
13-Jul-16,225.5,225.59,220.29,222.53,3567062
14-Jul-16,223.12,224.94,221.05,221.53,2675834
15-Jul-16,222.52,222.75,219.64,220.4,2234247
18-Jul-16,219.64,227.09,218.3,226.25,3412055
19-Jul-16,225,229.1,224.75,225.26,3115065
20-Jul-16,226.47,229.8,225,228.36,2568498
21-Jul-16,226,227.85,219.1,220.5,4428651
22-Jul-16,221.99,224.5,218.88,222.27,2579692
25-Jul-16,222.27,231.39,221.37,230.01,4490683
26-Jul-16,227.69,230,225.3,229.51,3430042
27-Jul-16,229.34,233.36,226.92,228.49,2889007
28-Jul-16,227.95,230.76,226.6,230.61,2419059
29-Jul-16,230.7,235.28,230.24,234.79,3070813
1-Aug-16,235.5,236.63,229.38,230.01,4016284
2-Aug-16,229.37,229.87,221.4,227.2,3934432
3-Aug-16,227.37,229.7,224.21,225.79,3887759
4-Aug-16,225.69,230.86,222.05,230.61,4146997
5-Aug-16,230,232,227.4,230.03,3205215
8-Aug-16,228,229.6,226.09,226.16,2263584
9-Aug-16,226.82,231.54,226.65,229.08,2207833
10-Aug-16,228.24,229.87,224.62,225.65,2338301
11-Aug-16,226.17,227.57,223.41,224.91,1880936
12-Aug-16,225.41,226.65,224.04,225.61,1813540
15-Aug-16,226.02,229.5,224.93,225.59,2034328
16-Aug-16,225.49,227.19,223.41,223.61,2267147
17-Aug-16,224.33,224.83,222.8,223.24,1787127
18-Aug-16,223.82,225.66,222.29,223.51,1714467
19-Aug-16,223.54,225.17,222.53,225,1659530
22-Aug-16,224.17,225.11,222.68,222.93,2065493
23-Aug-16,224.32,228.49,222.8,224.84,4784418
24-Aug-16,227.05,227.15,222.22,222.62,2570693
25-Aug-16,223.11,223.8,220.77,220.96,1762519
26-Aug-16,222.14,222.86,218.82,219.99,2238992
29-Aug-16,220.15,220.4,215,215.2,3266334
30-Aug-16,216.11,216.11,210.52,211.34,3168862
31-Aug-16,210.43,212.6,208.65,212.01,3276548
1-Sep-16,209.01,211.1,200.5,200.77,7943138
2-Sep-16,202.33,203.2,196.2,197.78,5977413
6-Sep-16,199.02,203.25,199,202.83,4390572
7-Sep-16,205.5,206.5,200.71,201.71,3640923
8-Sep-16,199.55,199.89,196.36,197.36,3377946
9-Sep-16,199.09,199.92,193.7,194.47,3756992
12-Sep-16,195,201.37,194.1,198.3,3715161
13-Sep-16,197.06,198.49,193.45,196.05,3589379
14-Sep-16,195.75,197.92,194.86,196.41,2259231
15-Sep-16,196.49,202.52,196.4,200.42,3085115
16-Sep-16,200.42,205.7,199,205.4,3107808
19-Sep-16,207,209.43,205,206.34,2299498
20-Sep-16,206.85,207.75,203.91,204.64,2410488
21-Sep-16,206.37,207,201.56,205.22,2633503
22-Sep-16,206.4,207.28,203,206.43,2382902
23-Sep-16,205.99,210.18,205.67,207.45,2905229
26-Sep-16,206.5,211,206.5,208.99,2394358
27-Sep-16,209.65,209.98,204.61,205.81,3373180
28-Sep-16,207.51,208.25,205.26,206.27,2088374
29-Sep-16,205.6,207.33,200.58,200.7,2727029
30-Sep-16,202.21,204.98,199.55,204.03,2586273
3-Oct-16,212.3,215.67,208.25,213.7,5999892
4-Oct-16,213.1,213.32,208.82,211.41,3541481
5-Oct-16,212.24,213.15,208.12,208.46,1877534
6-Oct-16,202.46,204.21,200.21,201,4703402
7-Oct-16,201,201.32,195.8,196.61,3493018
10-Oct-16,201.35,204.14,199.66,200.95,3316297
11-Oct-16,201.85,202.2,198.31,200.1,2328422
12-Oct-16,200.95,203.88,200.42,201.51,1970689
13-Oct-16,200.5,200.9,197.05,200.24,2495413
14-Oct-16,200.66,201.43,196.3,196.51,4269850
17-Oct-16,197.05,198.39,192,193.96,4554080
18-Oct-16,195.99,199.47,193.26,199.1,5680475
19-Oct-16,199.74,206.66,198.06,203.56,6991183
20-Oct-16,202.12,203,197.05,199.1,5072877
21-Oct-16,198.6,201.57,197.41,200.09,2943402
24-Oct-16,201,203.95,200.25,202.76,2751562
25-Oct-16,202.9,204.69,201.2,202.34,2445014
26-Oct-16,201,203.19,200.1,202.24,5632841
27-Oct-16,211.34,213.7,201.65,204.01,13093744
28-Oct-16,204,205.32,199.83,199.97,4280141
31-Oct-16,202.49,202.49,195.81,197.73,4692273
1-Nov-16,198.04,198.5,188.1,190.79,7060036
2-Nov-16,190.05,192.7,187.5,188.02,4253382
3-Nov-16,189,191.47,187.04,187.42,2653023
4-Nov-16,189,193.46,185.96,190.56,5146043
7-Nov-16,193.59,194.29,190.05,193.21,3870112
8-Nov-16,193.79,197.49,191.26,194.94,3267580
9-Nov-16,186.88,192,183.95,190.06,8173065
10-Nov-16,191.05,191.61,180.42,185.35,6750341
11-Nov-16,184.24,188.88,183,188.56,3988504
14-Nov-16,188,188.25,178.19,181.45,6552205
15-Nov-16,182.78,186.43,182.05,183.77,3902018
16-Nov-16,182.65,184.73,181.21,183.93,3434437
17-Nov-16,183.49,189.49,182.11,188.66,4887067
18-Nov-16,190.65,193,185,185.02,5210347
21-Nov-16,185.04,188.89,184.41,184.52,4361043
22-Nov-16,185.84,191.47,183.71,191.17,5603361
23-Nov-16,190.61,195.64,189,193.14,4891893
25-Nov-16,193.64,197.24,193.64,196.65,2366098
28-Nov-16,195.48,199.35,194.55,196.12,4529182
29-Nov-16,195.56,196.73,189.5,189.57,4439256
30-Nov-16,191,191.89,187.5,189.4,3547104
1-Dec-16,188.25,188.53,181,181.88,5126401
2-Dec-16,182.88,184.88,180,181.47,4042324
5-Dec-16,182.51,188.89,182.51,186.8,4072239
6-Dec-16,185.52,186.58,182.68,185.85,3391622
7-Dec-16,186.15,193.4,185,193.15,5461851
8-Dec-16,192.05,192.5,189.54,192.29,3194148
9-Dec-16,190.87,193.84,190.81,192.18,2722505
12-Dec-16,192.8,194.42,191.04,192.43,2438876
13-Dec-16,193.18,201.28,193,198.15,6823884
14-Dec-16,198.74,203,196.76,198.69,4150927
15-Dec-16,198.41,200.74,197.39,197.58,3219567
16-Dec-16,198.08,202.59,197.6,202.49,3796889
19-Dec-16,202.49,204.45,199.84,202.73,3488071
20-Dec-16,203.05,209,202.5,208.79,4689071
21-Dec-16,208.45,212.23,207.41,207.7,5207622
22-Dec-16,208.22,209.99,206.5,208.45,3111108
23-Dec-16,208,213.45,207.71,213.34,4670464
27-Dec-16,214.88,222.25,214.42,219.53,5915732
28-Dec-16,221.53,223.8,217.2,219.74,3782456
29-Dec-16,218.56,219.2,214.12,214.68,4044968
30-Dec-16,216.3,217.5,211.68,213.69,4642620
3-Jan-17,214.86,220.33,210.96,216.99,5923254
4-Jan-17,214.75,228,214.31,226.99,11213471
5-Jan-17,226.42,227.48,221.95,226.75,5911695
6-Jan-17,226.93,230.31,225.45,229.01,5527893
9-Jan-17,228.97,231.92,228,231.28,3979484
10-Jan-17,232,232,226.89,229.87,3659955
11-Jan-17,229.07,229.98,226.68,229.73,3650825
12-Jan-17,229.06,230.7,225.58,229.59,3790229
13-Jan-17,230,237.85,229.59,237.75,6092960
17-Jan-17,236.7,239.96,234.37,235.58,4617522
18-Jan-17,236.65,239.71,235.58,238.36,3768967
19-Jan-17,247.25,248.68,240.75,243.76,7732303
20-Jan-17,245.46,246,243.01,244.73,4204275
23-Jan-17,245.85,250.89,245.5,248.92,6262938
24-Jan-17,250,254.8,249.65,254.61,4965451
25-Jan-17,257.31,258.46,251.8,254.47,5146361
26-Jan-17,254.29,255.74,250.75,252.51,3152123
27-Jan-17,251.38,253,248.52,252.95,3166336
30-Jan-17,252.53,255.29,247.1,250.63,3801074
31-Jan-17,249.24,255.89,247.7,251.93,4116104
1-Feb-17,253.05,253.2,249.05,249.24,3958829
2-Feb-17,248.34,252.42,247.71,251.55,2499775
3-Feb-17,251.91,252.18,249.68,251.33,2186723
6-Feb-17,251,257.82,250.63,257.77,3562517
7-Feb-17,258.19,260,256.42,257.48,4244775
8-Feb-17,257.35,263.36,256.2,262.08,3933014
9-Feb-17,266.25,271.18,266.15,269.2,7820222
10-Feb-17,269.79,270.95,266.11,269.23,3619739
13-Feb-17,270.74,280.79,270.51,280.6,7029605
14-Feb-17,279.03,287.39,278.61,280.98,7345224
15-Feb-17,280,282.24,276.44,279.76,4947856
16-Feb-17,277.6,280,268.5,268.95,7077322
17-Feb-17,265.8,272.89,264.15,272.23,6257149
21-Feb-17,275.45,281.4,274.01,277.39,5676747
22-Feb-17,280.31,283.45,272.6,273.51,8754975
23-Feb-17,264,264.66,255.56,255.99,14915249
24-Feb-17,252.66,258.25,250.2,257,8171626
27-Feb-17,248.17,248.36,242.01,246.23,11460810
28-Feb-17,244.19,251,243.9,249.99,6078145
1-Mar-17,254.18,254.85,249.11,250.02,4809488
2-Mar-17,249.71,253.28,248.27,250.48,3351833
3-Mar-17,251.33,251.9,249,251.57,2929234
6-Mar-17,247.91,251.7,247.51,251.21,3355500
7-Mar-17,251.92,253.89,248.32,248.59,3459470
8-Mar-17,247,250.07,245.32,246.87,3728649
9-Mar-17,247.63,248.66,243,244.9,3879293
10-Mar-17,246.21,246.5,243,243.69,3066272
13-Mar-17,244.82,246.85,242.78,246.17,3022625
14-Mar-17,246.11,258.12,246.02,258,7598446
15-Mar-17,257,261,254.27,255.73,5330806
16-Mar-17,262.4,265.75,259.06,262.05,7132153
17-Mar-17,264,265.33,261.2,261.5,6497496
20-Mar-17,260.6,264.55,258.82,261.92,3614294
21-Mar-17,262.83,264.8,250.24,250.68,6908554
22-Mar-17,251.56,255.07,250.51,255.01,4059297
23-Mar-17,255.39,257.67,253.3,254.78,3320245
24-Mar-17,255.7,263.89,255.01,263.16,5647253
27-Mar-17,260.6,270.57,259.75,270.22,6230795
28-Mar-17,277.02,280.68,275,277.45,7987604
29-Mar-17,278.34,279.6,275.54,277.38,3676157
30-Mar-17,278.04,282,277.21,277.92,4148426
31-Mar-17,278.73,279.68,276.32,278.3,3294640
3-Apr-17,286.9,299,284.58,298.52,13888618
4-Apr-17,296.89,304.81,294.53,303.7,10134556
5-Apr-17,302.04,304.88,294.2,295,7880938
6-Apr-17,296.88,301.94,294.1,298.7,5520588
7-Apr-17,297.5,302.69,297.15,302.54,4579613
10-Apr-17,309.15,313.73,308.71,312.39,7664458
11-Apr-17,313.38,313.47,305.5,308.71,5724577
12-Apr-17,306.34,308.45,296.32,296.84,6050682
13-Apr-17,296.7,307.39,295.3,304,9284634
17-Apr-17,302.7,304,298.68,301.44,4138736
18-Apr-17,299.7,300.84,297.9,300.25,3035698
19-Apr-17,302.46,306.62,302.11,305.52,3898024
20-Apr-17,306.51,309.15,300.23,302.51,6149352
21-Apr-17,302,306.4,300.42,305.6,4509756
24-Apr-17,309.22,310.55,306.02,308.03,5083505
25-Apr-17,308,313.98,305.86,313.79,6737708
26-Apr-17,312.37,314.5,309,310.17,4695044
27-Apr-17,311.69,313.09,307.5,308.63,3468569
28-Apr-17,309.83,314.8,308,314.07,4505478
1-May-17,314.88,327.25,314.81,322.83,8829565
2-May-17,324,327.66,316.56,318.89,5382777
3-May-17,317.67,321.53,310.45,311.02,7133365
4-May-17,307.44,307.77,290.76,295.46,14152008
5-May-17,298,308.55,296.8,308.35,8177347
8-May-17,310.9,313.79,305.82,307.19,7006471
9-May-17,309.38,321.99,309.1,321.26,9676537
10-May-17,321.56,325.5,318.12,325.22,5741607
11-May-17,323.4,326,319.6,323.1,4753819
12-May-17,325.48,327,321.53,324.81,4121612
15-May-17,318.38,320.2,312.53,315.88,7622004
16-May-17,317.59,320.06,315.14,317.01,4152484
17-May-17,314.39,314.63,305.5,306.11,6711940
18-May-17,307,313.94,305.31,313.06,5653801
19-May-17,315.5,316.5,310.2,310.83,4687572
22-May-17,312.8,314.37,306.8,310.35,4329178
23-May-17,310.46,310.73,303.48,303.86,4318354
24-May-17,306.51,311,305.4,310.22,5041692
25-May-17,311.02,316.97,307.81,316.83,5013963
26-May-17,317.28,325.49,316.31,325.14,7802199
30-May-17,326,336.28,325.76,335.1,7782916
31-May-17,337.69,342.89,335.16,341.01,9963444
1-Jun-17,344,344.88,337.29,340.37,7607996
2-Jun-17,339.77,342.88,335.93,339.85,5590239
5-Jun-17,338.5,348.44,334.21,347.32,6784368
6-Jun-17,344.7,359.49,339.97,352.85,11086798
7-Jun-17,356.34,360.5,355.14,359.65,9397959
8-Jun-17,363.75,371.9,360.22,370,9061496
9-Jun-17,374.42,376.87,354.8,357.32,17261435
12-Jun-17,357.99,364.5,350.62,359.01,10517660
13-Jun-17,367.62,376,366.61,375.95,11807920
14-Jun-17,381.08,384.25,376.31,380.66,12818429
15-Jun-17,372.5,375.46,366.49,375.34,10426469
16-Jun-17,377.98,378.01,370.1,371.4,6730973
19-Jun-17,375,376.7,367.8,369.8,6549332
20-Jun-17,376.67,378.88,369.73,372.24,7438701
21-Jun-17,374.35,376.99,368.02,376.4,4923210
22-Jun-17,377.99,385,373.57,382.61,7529778
23-Jun-17,382.45,386.99,379.34,383.45,6445758
26-Jun-17,386.69,386.95,373.1,377.49,6604099
27-Jun-17,376.4,376.4,362.02,362.37,6996399
28-Jun-17,366.68,371.74,362.52,371.24,6302463
29-Jun-17,370.61,371,354.1,360.75,8221038
30-Jun-17,363.71,366.77,359.62,361.61,5848521
3-Jul-17,370.24,371.35,351.5,352.62,6305401
5-Jul-17,347.2,347.24,326.33,327.09,17046701
6-Jul-17,317.26,320.79,306.3,308.83,19324495
7-Jul-17,313.5,317,307.38,313.22,14176915
10-Jul-17,312.9,317.94,303.13,316.05,13820889
11-Jul-17,316,327.28,314.3,327.22,11559402
12-Jul-17,330.4,333.1,324.5,329.52,10346127
13-Jul-17,330.11,331.6,319.97,323.41,8594466
14-Jul-17,323.19,328.42,321.22,327.78,5625211
17-Jul-17,325.54,327.1,313.45,319.57,9876912
18-Jul-17,317.5,329.13,315.66,328.24,6373720
19-Jul-17,328.23,331.65,323.22,325.26,6357014
20-Jul-17,326.9,330.22,324.2,329.92,5166188
21-Jul-17,329.46,331.26,325.8,328.4,4901606
24-Jul-17,330.24,343.4,330.01,342.52,8637082
25-Jul-17,345,345.6,334.15,339.6,6989197
26-Jul-17,340.36,345.5,338.12,343.85,4820790
27-Jul-17,346,347.5,326.29,334.46,8302405
28-Jul-17,336.89,339.6,332.51,335.07,4880414
31-Jul-17,335.5,341.49,321.04,323.47,8535136
1-Aug-17,323,324.45,316.13,319.57,8303102
2-Aug-17,318.94,327.12,311.22,325.89,13091462
